{
    "section1": {
        "north": 19.06398378548459,
        "east": 72.92025113769535,
        "south": 19.039645023697126,
        "west": 72.88591886230472
    }
}